{"pages":["tahoma.png"],"chars":[{"id":91,"index":62,"char":"[","width":15,"height":44,"xoffset":1,"yoffset":2,"xadvance":16,"chnl":15,"x":0,"y":0,"page":0},{"id":93,"index":64,"char":"]","width":15,"height":44,"xoffset":0,"yoffset":2,"xadvance":16,"chnl":15,"x":0,"y":45,"page":0},{"id":36,"index":7,"char":"$","width":23,"height":44,"xoffset":0,"yoffset":2,"xadvance":23,"chnl":15,"x":0,"y":90,"page":0},{"id":40,"index":11,"char":"(","width":16,"height":44,"xoffset":0,"yoffset":2,"xadvance":16,"chnl":15,"x":16,"y":0,"page":0},{"id":41,"index":12,"char":")","width":16,"height":44,"xoffset":0,"yoffset":2,"xadvance":16,"chnl":15,"x":16,"y":45,"page":0},{"id":123,"index":94,"char":"{","width":21,"height":44,"xoffset":-1,"yoffset":2,"xadvance":20,"chnl":15,"x":0,"y":135,"page":0},{"id":125,"index":96,"char":"}","width":21,"height":44,"xoffset":0,"yoffset":2,"xadvance":20,"chnl":15,"x":0,"y":180,"page":0},{"id":124,"index":95,"char":"|","width":7,"height":44,"xoffset":4,"yoffset":2,"xadvance":16,"chnl":15,"x":0,"y":225,"page":0},{"id":1092,"index":540,"char":"ф","width":33,"height":44,"xoffset":-1,"yoffset":2,"xadvance":32,"chnl":15,"x":0,"y":270,"page":0},{"id":1049,"index":497,"char":"Й","width":26,"height":44,"xoffset":1,"yoffset":-6,"xadvance":28,"chnl":15,"x":8,"y":225,"page":0},{"id":106,"index":77,"char":"j","width":15,"height":43,"xoffset":-4,"yoffset":3,"xadvance":12,"chnl":15,"x":22,"y":135,"page":0},{"id":47,"index":18,"char":"/","width":19,"height":43,"xoffset":-2,"yoffset":2,"xadvance":16,"chnl":15,"x":24,"y":90,"page":0},{"id":81,"index":52,"char":"Q","width":31,"height":43,"xoffset":-1,"yoffset":3,"xadvance":30,"chnl":15,"x":22,"y":179,"page":0},{"id":1031,"index":480,"char":"Ї","width":17,"height":42,"xoffset":0,"yoffset":-4,"xadvance":16,"chnl":15,"x":38,"y":134,"page":0},{"id":1046,"index":494,"char":"Ж","width":42,"height":35,"xoffset":-2,"yoffset":3,"xadvance":38,"chnl":15,"x":33,"y":0,"page":0},{"id":37,"index":8,"char":"%","width":41,"height":36,"xoffset":0,"yoffset":3,"xadvance":41,"chnl":15,"x":33,"y":36,"page":0},{"id":87,"index":58,"char":"W","width":41,"height":35,"xoffset":-1,"yoffset":3,"xadvance":38,"chnl":15,"x":44,"y":73,"page":0},{"id":1062,"index":510,"char":"Ц","width":29,"height":41,"xoffset":1,"yoffset":3,"xadvance":29,"chnl":15,"x":76,"y":0,"page":0},{"id":1065,"index":513,"char":"Щ","width":40,"height":41,"xoffset":1,"yoffset":3,"xadvance":40,"chnl":15,"x":0,"y":315,"page":0},{"id":1044,"index":492,"char":"Д","width":32,"height":41,"xoffset":-2,"yoffset":3,"xadvance":29,"chnl":15,"x":34,"y":270,"page":0},{"id":64,"index":35,"char":"@","width":37,"height":40,"xoffset":1,"yoffset":3,"xadvance":38,"chnl":15,"x":35,"y":223,"page":0},{"id":1070,"index":518,"char":"Ю","width":39,"height":36,"xoffset":1,"yoffset":3,"xadvance":40,"chnl":15,"x":54,"y":177,"page":0},{"id":1081,"index":529,"char":"й","width":22,"height":38,"xoffset":1,"yoffset":0,"xadvance":24,"chnl":15,"x":56,"y":109,"page":0},{"id":100,"index":71,"char":"d","width":23,"height":37,"xoffset":-1,"yoffset":2,"xadvance":23,"chnl":15,"x":79,"y":109,"page":0},{"id":98,"index":69,"char":"b","width":23,"height":37,"xoffset":1,"yoffset":2,"xadvance":23,"chnl":15,"x":86,"y":42,"page":0},{"id":1073,"index":521,"char":"б","width":24,"height":37,"xoffset":-1,"yoffset":2,"xadvance":23,"chnl":15,"x":106,"y":0,"page":0},{"id":1064,"index":512,"char":"Ш","width":37,"height":35,"xoffset":1,"yoffset":3,"xadvance":40,"chnl":15,"x":0,"y":357,"page":0},{"id":113,"index":84,"char":"q","width":23,"height":36,"xoffset":-1,"yoffset":10,"xadvance":23,"chnl":15,"x":0,"y":393,"page":0},{"id":112,"index":83,"char":"p","width":23,"height":36,"xoffset":1,"yoffset":10,"xadvance":23,"chnl":15,"x":0,"y":430,"page":0},{"id":102,"index":73,"char":"f","width":18,"height":36,"xoffset":-1,"yoffset":2,"xadvance":13,"chnl":15,"x":0,"y":467,"page":0},{"id":103,"index":74,"char":"g","width":23,"height":36,"xoffset":-1,"yoffset":10,"xadvance":23,"chnl":15,"x":0,"y":504,"page":0},{"id":104,"index":75,"char":"h","width":22,"height":36,"xoffset":1,"yoffset":2,"xadvance":23,"chnl":15,"x":19,"y":467,"page":0},{"id":107,"index":78,"char":"k","width":23,"height":36,"xoffset":1,"yoffset":2,"xadvance":21,"chnl":15,"x":24,"y":393,"page":0},{"id":108,"index":79,"char":"l","width":8,"height":36,"xoffset":1,"yoffset":2,"xadvance":10,"chnl":15,"x":24,"y":430,"page":0},{"id":51,"index":22,"char":"3","width":23,"height":36,"xoffset":0,"yoffset":3,"xadvance":23,"chnl":15,"x":33,"y":430,"page":0},{"id":54,"index":25,"char":"6","width":24,"height":36,"xoffset":0,"yoffset":3,"xadvance":23,"chnl":15,"x":41,"y":312,"page":0},{"id":56,"index":27,"char":"8","width":24,"height":36,"xoffset":0,"yoffset":3,"xadvance":23,"chnl":15,"x":41,"y":349,"page":0},{"id":57,"index":28,"char":"9","width":24,"height":36,"xoffset":-1,"yoffset":3,"xadvance":23,"chnl":15,"x":48,"y":386,"page":0},{"id":48,"index":19,"char":"0","width":24,"height":36,"xoffset":0,"yoffset":3,"xadvance":23,"chnl":15,"x":66,"y":312,"page":0},{"id":38,"index":9,"char":"&","width":32,"height":36,"xoffset":-1,"yoffset":3,"xadvance":28,"chnl":15,"x":66,"y":349,"page":0},{"id":79,"index":50,"char":"O","width":31,"height":36,"xoffset":-1,"yoffset":3,"xadvance":30,"chnl":15,"x":67,"y":264,"page":0},{"id":83,"index":54,"char":"S","width":25,"height":36,"xoffset":0,"yoffset":3,"xadvance":23,"chnl":15,"x":91,"y":301,"page":0},{"id":71,"index":42,"char":"G","width":29,"height":36,"xoffset":-1,"yoffset":3,"xadvance":28,"chnl":15,"x":73,"y":214,"page":0},{"id":67,"index":38,"char":"C","width":27,"height":36,"xoffset":-1,"yoffset":3,"xadvance":25,"chnl":15,"x":99,"y":251,"page":0},{"id":1088,"index":536,"char":"р","width":23,"height":36,"xoffset":1,"yoffset":10,"xadvance":23,"chnl":15,"x":94,"y":147,"page":0},{"id":1047,"index":495,"char":"З","width":25,"height":36,"xoffset":-1,"yoffset":3,"xadvance":22,"chnl":15,"x":103,"y":80,"page":0},{"id":1054,"index":502,"char":"О","width":31,"height":36,"xoffset":-1,"yoffset":3,"xadvance":30,"chnl":15,"x":110,"y":38,"page":0},{"id":1028,"index":477,"char":"Є","width":27,"height":36,"xoffset":-1,"yoffset":3,"xadvance":25,"chnl":15,"x":131,"y":0,"page":0},{"id":1057,"index":505,"char":"С","width":27,"height":36,"xoffset":-1,"yoffset":3,"xadvance":25,"chnl":15,"x":103,"y":184,"page":0},{"id":121,"index":92,"char":"y","width":25,"height":35,"xoffset":-2,"yoffset":11,"xadvance":21,"chnl":15,"x":118,"y":117,"page":0},{"id":105,"index":76,"char":"i","width":8,"height":35,"xoffset":1,"yoffset":3,"xadvance":10,"chnl":15,"x":129,"y":75,"page":0},{"id":49,"index":20,"char":"1","width":19,"height":35,"xoffset":3,"yoffset":3,"xadvance":23,"chnl":15,"x":138,"y":75,"page":0},{"id":50,"index":21,"char":"2","width":23,"height":35,"xoffset":0,"yoffset":3,"xadvance":23,"chnl":15,"x":142,"y":37,"page":0},{"id":52,"index":23,"char":"4","width":25,"height":35,"xoffset":-1,"yoffset":3,"xadvance":23,"chnl":15,"x":159,"y":0,"page":0},{"id":53,"index":24,"char":"5","width":22,"height":35,"xoffset":1,"yoffset":3,"xadvance":23,"chnl":15,"x":0,"y":541,"page":0},{"id":55,"index":26,"char":"7","width":23,"height":35,"xoffset":0,"yoffset":3,"xadvance":23,"chnl":15,"x":0,"y":577,"page":0},{"id":33,"index":4,"char":"!","width":9,"height":35,"xoffset":3,"yoffset":3,"xadvance":14,"chnl":15,"x":23,"y":541,"page":0},{"id":35,"index":6,"char":"#","width":29,"height":35,"xoffset":1,"yoffset":3,"xadvance":31,"chnl":15,"x":24,"y":504,"page":0},{"id":69,"index":40,"char":"E","width":23,"height":35,"xoffset":1,"yoffset":3,"xadvance":24,"chnl":15,"x":42,"y":467,"page":0},{"id":82,"index":53,"char":"R","width":28,"height":35,"xoffset":1,"yoffset":3,"xadvance":26,"chnl":15,"x":57,"y":423,"page":0},{"id":84,"index":55,"char":"T","width":29,"height":35,"xoffset":-2,"yoffset":3,"xadvance":25,"chnl":15,"x":73,"y":386,"page":0},{"id":89,"index":60,"char":"Y","width":29,"height":35,"xoffset":-2,"yoffset":3,"xadvance":24,"chnl":15,"x":99,"y":338,"page":0},{"id":85,"index":56,"char":"U","width":26,"height":35,"xoffset":1,"yoffset":3,"xadvance":28,"chnl":15,"x":117,"y":288,"page":0},{"id":73,"index":44,"char":"I","width":16,"height":35,"xoffset":0,"yoffset":3,"xadvance":16,"chnl":15,"x":127,"y":221,"page":0},{"id":80,"index":51,"char":"P","width":23,"height":35,"xoffset":1,"yoffset":3,"xadvance":23,"chnl":15,"x":131,"y":153,"page":0},{"id":65,"index":36,"char":"A","width":30,"height":35,"xoffset":-2,"yoffset":3,"xadvance":25,"chnl":15,"x":144,"y":111,"page":0},{"id":68,"index":39,"char":"D","width":28,"height":35,"xoffset":1,"yoffset":3,"xadvance":28,"chnl":15,"x":158,"y":73,"page":0},{"id":70,"index":41,"char":"F","width":22,"height":35,"xoffset":1,"yoffset":3,"xadvance":22,"chnl":15,"x":166,"y":36,"page":0},{"id":72,"index":43,"char":"H","width":26,"height":35,"xoffset":1,"yoffset":3,"xadvance":28,"chnl":15,"x":185,"y":0,"page":0},{"id":74,"index":45,"char":"J","width":18,"height":35,"xoffset":-2,"yoffset":3,"xadvance":17,"chnl":15,"x":0,"y":613,"page":0},{"id":75,"index":46,"char":"K","width":26,"height":35,"xoffset":1,"yoffset":3,"xadvance":25,"chnl":15,"x":0,"y":649,"page":0},{"id":76,"index":47,"char":"L","width":22,"height":35,"xoffset":1,"yoffset":3,"xadvance":21,"chnl":15,"x":19,"y":613,"page":0},{"id":90,"index":61,"char":"Z","width":25,"height":35,"xoffset":-1,"yoffset":3,"xadvance":23,"chnl":15,"x":24,"y":577,"page":0},{"id":88,"index":59,"char":"X","width":28,"height":35,"xoffset":-2,"yoffset":3,"xadvance":24,"chnl":15,"x":33,"y":540,"page":0},{"id":86,"index":57,"char":"V","width":29,"height":35,"xoffset":-2,"yoffset":3,"xadvance":25,"chnl":15,"x":54,"y":503,"page":0},{"id":66,"index":37,"char":"B","width":25,"height":35,"xoffset":1,"yoffset":3,"xadvance":25,"chnl":15,"x":66,"y":459,"page":0},{"id":78,"index":49,"char":"N","width":26,"height":35,"xoffset":1,"yoffset":3,"xadvance":28,"chnl":15,"x":86,"y":422,"page":0},{"id":77,"index":48,"char":"M","width":30,"height":35,"xoffset":1,"yoffset":3,"xadvance":32,"chnl":15,"x":103,"y":374,"page":0},{"id":63,"index":34,"char":"?","width":20,"height":35,"xoffset":0,"yoffset":3,"xadvance":20,"chnl":15,"x":129,"y":324,"page":0},{"id":1091,"index":539,"char":"у","width":25,"height":35,"xoffset":-2,"yoffset":11,"xadvance":21,"chnl":15,"x":144,"y":189,"page":0},{"id":1111,"index":558,"char":"ї","width":15,"height":35,"xoffset":-3,"yoffset":3,"xadvance":10,"chnl":15,"x":155,"y":147,"page":0},{"id":1110,"index":557,"char":"і","width":8,"height":35,"xoffset":1,"yoffset":3,"xadvance":10,"chnl":15,"x":144,"y":225,"page":0},{"id":1059,"index":507,"char":"У","width":28,"height":35,"xoffset":-2,"yoffset":3,"xadvance":24,"chnl":15,"x":144,"y":261,"page":0},{"id":1050,"index":498,"char":"К","width":27,"height":35,"xoffset":1,"yoffset":3,"xadvance":25,"chnl":15,"x":153,"y":225,"page":0},{"id":1045,"index":493,"char":"Е","width":23,"height":35,"xoffset":1,"yoffset":3,"xadvance":24,"chnl":15,"x":170,"y":183,"page":0},{"id":1053,"index":501,"char":"Н","width":26,"height":35,"xoffset":1,"yoffset":3,"xadvance":28,"chnl":15,"x":171,"y":147,"page":0},{"id":1043,"index":491,"char":"Г","width":22,"height":35,"xoffset":1,"yoffset":3,"xadvance":21,"chnl":15,"x":175,"y":109,"page":0},{"id":1061,"index":509,"char":"Х","width":28,"height":35,"xoffset":-2,"yoffset":3,"xadvance":24,"chnl":15,"x":187,"y":72,"page":0},{"id":1060,"index":508,"char":"Ф","width":33,"height":35,"xoffset":-1,"yoffset":3,"xadvance":31,"chnl":15,"x":189,"y":36,"page":0},{"id":1030,"index":479,"char":"І","width":16,"height":35,"xoffset":0,"yoffset":3,"xadvance":16,"chnl":15,"x":212,"y":0,"page":0},{"id":1042,"index":490,"char":"В","width":25,"height":35,"xoffset":1,"yoffset":3,"xadvance":25,"chnl":15,"x":0,"y":685,"page":0},{"id":1040,"index":488,"char":"А","width":30,"height":35,"xoffset":-2,"yoffset":3,"xadvance":25,"chnl":15,"x":0,"y":721,"page":0},{"id":1055,"index":503,"char":"П","width":26,"height":35,"xoffset":1,"yoffset":3,"xadvance":28,"chnl":15,"x":26,"y":685,"page":0},{"id":1056,"index":504,"char":"Р","width":23,"height":35,"xoffset":1,"yoffset":3,"xadvance":23,"chnl":15,"x":27,"y":649,"page":0},{"id":1051,"index":499,"char":"Л","width":29,"height":35,"xoffset":-2,"yoffset":3,"xadvance":28,"chnl":15,"x":42,"y":613,"page":0},{"id":1071,"index":519,"char":"Я","width":27,"height":35,"xoffset":-2,"yoffset":3,"xadvance":26,"chnl":15,"x":51,"y":649,"page":0},{"id":1063,"index":511,"char":"Ч","width":26,"height":35,"xoffset":0,"yoffset":3,"xadvance":27,"chnl":15,"x":50,"y":576,"page":0},{"id":1052,"index":500,"char":"М","width":30,"height":35,"xoffset":1,"yoffset":3,"xadvance":32,"chnl":15,"x":62,"y":539,"page":0},{"id":1048,"index":496,"char":"И","width":26,"height":35,"xoffset":1,"yoffset":3,"xadvance":28,"chnl":15,"x":72,"y":612,"page":0},{"id":1058,"index":506,"char":"Т","width":29,"height":35,"xoffset":-2,"yoffset":3,"xadvance":25,"chnl":15,"x":77,"y":575,"page":0},{"id":1068,"index":516,"char":"Ь","width":25,"height":35,"xoffset":1,"yoffset":3,"xadvance":24,"chnl":15,"x":84,"y":495,"page":0},{"id":1041,"index":489,"char":"Б","width":25,"height":35,"xoffset":1,"yoffset":3,"xadvance":25,"chnl":15,"x":92,"y":458,"page":0},{"id":119,"index":90,"char":"w","width":34,"height":27,"xoffset":-1,"yoffset":11,"xadvance":31,"chnl":15,"x":56,"y":148,"page":0},{"id":116,"index":87,"char":"t","width":18,"height":34,"xoffset":-2,"yoffset":5,"xadvance":14,"chnl":15,"x":93,"y":531,"page":0},{"id":59,"index":30,"char":";","width":13,"height":34,"xoffset":1,"yoffset":11,"xadvance":15,"chnl":15,"x":110,"y":494,"page":0},{"id":109,"index":80,"char":"m","width":34,"height":28,"xoffset":1,"yoffset":10,"xadvance":35,"chnl":15,"x":113,"y":410,"page":0},{"id":1078,"index":526,"char":"ж","width":34,"height":27,"xoffset":-2,"yoffset":11,"xadvance":31,"chnl":15,"x":134,"y":360,"page":0},{"id":1097,"index":545,"char":"щ","width":33,"height":32,"xoffset":1,"yoffset":11,"xadvance":33,"chnl":15,"x":118,"y":439,"page":0},{"id":1094,"index":542,"char":"ц","width":24,"height":32,"xoffset":1,"yoffset":11,"xadvance":24,"chnl":15,"x":148,"y":388,"page":0},{"id":1076,"index":524,"char":"д","width":26,"height":32,"xoffset":-2,"yoffset":11,"xadvance":23,"chnl":15,"x":150,"y":297,"page":0},{"id":1102,"index":550,"char":"ю","width":32,"height":28,"xoffset":1,"yoffset":10,"xadvance":32,"chnl":15,"x":150,"y":330,"page":0},{"id":1096,"index":544,"char":"ш","width":31,"height":27,"xoffset":1,"yoffset":11,"xadvance":33,"chnl":15,"x":169,"y":359,"page":0},{"id":126,"index":97,"char":"~","width":29,"height":15,"xoffset":1,"yoffset":15,"xadvance":31,"chnl":15,"x":148,"y":421,"page":0},{"id":94,"index":65,"char":"^","width":29,"height":21,"xoffset":1,"yoffset":3,"xadvance":31,"chnl":15,"x":118,"y":472,"page":0},{"id":101,"index":72,"char":"e","width":24,"height":28,"xoffset":-1,"yoffset":10,"xadvance":22,"chnl":15,"x":173,"y":387,"page":0},{"id":117,"index":88,"char":"u","width":22,"height":28,"xoffset":1,"yoffset":11,"xadvance":23,"chnl":15,"x":103,"y":221,"page":0},{"id":111,"index":82,"char":"o","width":24,"height":28,"xoffset":-1,"yoffset":10,"xadvance":23,"chnl":15,"x":173,"y":261,"page":0},{"id":97,"index":68,"char":"a","width":22,"height":28,"xoffset":-1,"yoffset":11,"xadvance":22,"chnl":15,"x":177,"y":290,"page":0},{"id":115,"index":86,"char":"s","width":21,"height":28,"xoffset":-1,"yoffset":11,"xadvance":19,"chnl":15,"x":183,"y":319,"page":0},{"id":99,"index":70,"char":"c","width":21,"height":28,"xoffset":-1,"yoffset":11,"xadvance":19,"chnl":15,"x":181,"y":219,"page":0},{"id":110,"index":81,"char":"n","width":22,"height":28,"xoffset":1,"yoffset":10,"xadvance":23,"chnl":15,"x":194,"y":183,"page":0},{"id":95,"index":66,"char":"_","width":28,"height":7,"xoffset":-2,"yoffset":37,"xadvance":23,"chnl":15,"x":93,"y":566,"page":0},{"id":43,"index":14,"char":"+","width":28,"height":28,"xoffset":1,"yoffset":9,"xadvance":31,"chnl":15,"x":112,"y":529,"page":0},{"id":60,"index":31,"char":"<","width":26,"height":28,"xoffset":2,"yoffset":9,"xadvance":31,"chnl":15,"x":124,"y":494,"page":0},{"id":62,"index":33,"char":">","width":26,"height":28,"xoffset":2,"yoffset":9,"xadvance":31,"chnl":15,"x":198,"y":248,"page":0},{"id":1077,"index":525,"char":"е","width":24,"height":28,"xoffset":-1,"yoffset":10,"xadvance":22,"chnl":15,"x":203,"y":212,"page":0},{"id":1079,"index":527,"char":"з","width":21,"height":28,"xoffset":-1,"yoffset":11,"xadvance":19,"chnl":15,"x":200,"y":277,"page":0},{"id":1072,"index":520,"char":"а","width":22,"height":28,"xoffset":-1,"yoffset":11,"xadvance":22,"chnl":15,"x":198,"y":108,"page":0},{"id":1086,"index":534,"char":"о","width":24,"height":28,"xoffset":-1,"yoffset":10,"xadvance":23,"chnl":15,"x":216,"y":72,"page":0},{"id":1108,"index":555,"char":"є","width":21,"height":28,"xoffset":-1,"yoffset":11,"xadvance":20,"chnl":15,"x":223,"y":36,"page":0},{"id":1089,"index":537,"char":"с","width":21,"height":28,"xoffset":-1,"yoffset":11,"xadvance":19,"chnl":15,"x":229,"y":0,"page":0},{"id":114,"index":85,"char":"r","width":16,"height":27,"xoffset":1,"yoffset":11,"xadvance":15,"chnl":15,"x":86,"y":80,"page":0},{"id":122,"index":93,"char":"z","width":21,"height":27,"xoffset":-1,"yoffset":11,"xadvance":19,"chnl":15,"x":198,"y":137,"page":0},{"id":120,"index":91,"char":"x","width":24,"height":27,"xoffset":-2,"yoffset":11,"xadvance":21,"chnl":15,"x":217,"y":165,"page":0},{"id":118,"index":89,"char":"v","width":25,"height":27,"xoffset":-2,"yoffset":11,"xadvance":21,"chnl":15,"x":220,"y":137,"page":0},{"id":61,"index":32,"char":"=","width":27,"height":16,"xoffset":2,"yoffset":15,"xadvance":31,"chnl":15,"x":217,"y":193,"page":0},{"id":58,"index":29,"char":":","width":9,"height":27,"xoffset":3,"yoffset":11,"xadvance":15,"chnl":15,"x":242,"y":165,"page":0},{"id":1082,"index":530,"char":"к","width":22,"height":27,"xoffset":1,"yoffset":11,"xadvance":21,"chnl":15,"x":221,"y":101,"page":0},{"id":1085,"index":533,"char":"н","width":22,"height":27,"xoffset":1,"yoffset":11,"xadvance":24,"chnl":15,"x":241,"y":65,"page":0},{"id":1075,"index":523,"char":"г","width":19,"height":27,"xoffset":1,"yoffset":11,"xadvance":17,"chnl":15,"x":245,"y":29,"page":0},{"id":1093,"index":541,"char":"х","width":24,"height":27,"xoffset":-2,"yoffset":11,"xadvance":21,"chnl":15,"x":251,"y":0,"page":0},{"id":1074,"index":522,"char":"в","width":22,"height":27,"xoffset":1,"yoffset":11,"xadvance":22,"chnl":15,"x":244,"y":93,"page":0},{"id":1087,"index":535,"char":"п","width":22,"height":27,"xoffset":1,"yoffset":11,"xadvance":24,"chnl":15,"x":264,"y":57,"page":0},{"id":1083,"index":531,"char":"л","width":24,"height":27,"xoffset":-2,"yoffset":11,"xadvance":23,"chnl":15,"x":265,"y":28,"page":0},{"id":1103,"index":551,"char":"я","width":23,"height":27,"xoffset":-2,"yoffset":11,"xadvance":22,"chnl":15,"x":276,"y":0,"page":0},{"id":1095,"index":543,"char":"ч","width":22,"height":27,"xoffset":0,"yoffset":11,"xadvance":23,"chnl":15,"x":246,"y":121,"page":0},{"id":1084,"index":532,"char":"м","width":25,"height":27,"xoffset":1,"yoffset":11,"xadvance":27,"chnl":15,"x":267,"y":85,"page":0},{"id":1080,"index":528,"char":"и","width":22,"height":27,"xoffset":1,"yoffset":11,"xadvance":24,"chnl":15,"x":287,"y":56,"page":0},{"id":1090,"index":538,"char":"т","width":23,"height":27,"xoffset":-2,"yoffset":11,"xadvance":20,"chnl":15,"x":290,"y":28,"page":0},{"id":1100,"index":548,"char":"ь","width":21,"height":27,"xoffset":1,"yoffset":11,"xadvance":21,"chnl":15,"x":300,"y":0,"page":0},{"id":42,"index":13,"char":"*","width":22,"height":23,"xoffset":0,"yoffset":2,"xadvance":23,"chnl":15,"x":0,"y":757,"page":0},{"id":44,"index":15,"char":",","width":13,"height":17,"xoffset":0,"yoffset":28,"xadvance":13,"chnl":15,"x":134,"y":388,"page":0},{"id":39,"index":10,"char":"'","width":9,"height":16,"xoffset":0,"yoffset":2,"xadvance":9,"chnl":15,"x":33,"y":73,"page":0},{"id":45,"index":16,"char":"-","width":16,"height":8,"xoffset":0,"yoffset":19,"xadvance":15,"chnl":15,"x":54,"y":214,"page":0},{"id":34,"index":5,"char":"\"","width":16,"height":16,"xoffset":0,"yoffset":2,"xadvance":17,"chnl":15,"x":127,"y":257,"page":0},{"id":96,"index":67,"char":"`","width":13,"height":12,"xoffset":3,"yoffset":0,"xadvance":23,"chnl":15,"x":73,"y":251,"page":0},{"id":46,"index":17,"char":".","width":9,"height":10,"xoffset":2,"yoffset":28,"xadvance":13,"chnl":15,"x":67,"y":301,"page":0},{"id":32,"index":3,"char":" ","width":0,"height":0,"xoffset":-2,"yoffset":34,"xadvance":13,"chnl":15,"x":24,"y":134,"page":0}],"info":{"face":"tahoma","size":42,"bold":0,"italic":0,"charset":["q","w","e","r","t","y","u","i","o","p","[","]","a","s","d","f","g","h","j","k","l",";","'","z","x","c","v","b","n","m",",",".","/","1","2","3","4","5","6","7","8","9","0","-","="," ","`","~","!","@","#","$","%","^","&","*","(",")","_","+","Q","W","E","R","T","Y","U","I","O","P","{","}","|","A","S","D","F","G","H","J","K","L",":","\"","Z","X","C","V","B","N","M","<",">","?","й","ц","у","к","е","н","г","ш","щ","з","х","ї","ф","і","в","а","п","р","о","л","д","ж","є","я","ч","с","м","и","т","ь","б","ю","Й","Ц","У","К","Е","Н","Г","Ш","Щ","З","Х","Ї","Ф","І","В","А","П","Р","О","Л","Д","Ж","Є","Я","Ч","С","М","И","Т","Ь","Б","Ю"],"unicode":1,"stretchH":100,"smooth":1,"aa":1,"padding":[2,2,2,2],"spacing":[0,0]},"common":{"lineHeight":42,"base":34,"scaleW":1024,"scaleH":1024,"pages":1,"packed":0,"alphaChnl":0,"redChnl":0,"greenChnl":0,"blueChnl":0},"distanceField":{"fieldType":"msdf","distanceRange":4},"kernings":[]}